feature,mean_importance
Air_Temperature,0.0
Process_Temperature,0.0
Type,0.0021921802559623283
Tool_Wear,0.01792219974192479
Rotational_Speed,0.018535265492128517
Torque,0.1005290404227102
