feature,mean_importance
Type,0.0
Rotational_Speed,0.002258315991772936
Process_Temperature,0.0038708429470458994
Air_Temperature,0.013286204546118762
Tool_Wear,0.030030419395751802
Torque,0.06424227729110121
