feature,mean_importance
Type,0.0
Process_Temperature,0.0020917358048104353
Rotational_Speed,0.0104350664217368
Air_Temperature,0.012191464956740594
Torque,0.0565815231556116
Tool_Wear,0.060118768801256287
