feature,mean_importance
Type,0.0
Process_Temperature,0.006364497057852014
Torque,0.019058570781205077
Rotational_Speed,0.022957515347102546
Tool_Wear,0.026006724371272848
Air_Temperature,0.0317960968757267
