feature,mean_importance
Type,-0.00030022869812499075
Process_Temperature,0.00215074097214705
Air_Temperature,0.0221153153275492
Rotational_Speed,0.09790170761637637
Tool_Wear,0.24010158960645142
Torque,0.25321365682232877
