feature,mean_importance
Type,0.0
Process_Temperature,0.0004748417292938817
Air_Temperature,0.014813689990571685
Rotational_Speed,0.031669268885072085
Tool_Wear,0.03252415595378931
Torque,0.07492362681038421
