feature,mean_importance
Type,0.0
Process_Temperature,0.0
Air_Temperature,0.016759146320138564
Tool_Wear,0.032489480200180824
Rotational_Speed,0.04367578519037575
Torque,0.07100971794956742
