feature,mean_importance
Type,0.0
Process_Temperature,0.0008801059752602675
Air_Temperature,0.031617251356976704
Tool_Wear,0.05357580784658082
Rotational_Speed,0.08694788796598028
Torque,0.09812612997878213
